source_type,source_name,published_at,page_title,excerpt,url,frame_tag
partner_media,CNN,2026-03-21,CNN.com - Transcripts,"CNN.com - Transcripts Transcript Providers Return to Transcripts main page CNN's The Arena with Kasie Hunt Cracks Emerge In GOP Over Iran War And Growing Cost; Will More Republicans Break With Trump On Iran War?; Trump On Gas Prices: ""I Thought It Would Be Worse""; Experts Warn Oil Prices Could Surge Past Record High If Iran War Persists, As U.S. Gas Hovers Around $4 A Gallon; Will Trump's Decision To Launch Iran War Help 2028 Dem Contenders?; 1931: Nevada Becomes First State To Legalize Casino G",https://transcripts.cnn.com/show/arena/date/2026-03-21/segment/01,growth_legitimacy
partner_media,CNN,2026-03-24,CNN.com - Transcripts,"CNN.com - Transcripts Transcript Providers Return to Transcripts main page Quest Means Business Trump: We Are In Negotiations With Iran; Conflict Weighs On European Economies; NTSB Gives Update On Runway Collision; Trader Wins Nearly $1 Million On Polymarket With Accurate Iran Bets; Explosion At Texas Refinery Puts More Pressure On Gas Prices; OpenAI To Discontinue Its Sora Video Platform; Coffee Prices Rise As Iran War Rattles Global Supply Chains. Aired 4-5p ET Aired March 24, 2026 - 16:00 ET ",https://transcripts.cnn.com/show/qmb/date/2026-03-24/segment/01,scandal_integrity
partner_media,CNN,2026-03-24,CNN.com - Transcripts,"CNN.com - Transcripts Transcript Providers Return to Transcripts main page Inside Politics Gov. Moore: Trump's ICE Deployments Part Of ""Larger Plan""; Exclusive: Trader Net Nearly $1M With Remarkably Accurate Iran Bets; How To Stay Hopeful Amid Turbulent Times. Aired 12:30-1p ET Aired March 24, 2026 - 12:30 ET THIS IS A RUSH TRANSCRIPT. THIS COPY MAY NOT BE IN ITS FINAL FORM AND MAY BE UPDATED. (BEGIN VIDEO CLIP) [12:30:00] GOV. WES MOORE (D), MARYLAND: -- untrained and who are unqualified and wh",https://transcripts.cnn.com/show/ip/date/2026-03-24/segment/02,price_as_signal
partner_media,CNN,2026-03-24,CNN.com - Transcripts,"CNN.com - Transcripts Transcript Providers Return to Transcripts main page CNN News Central Texas Oil Refinery Fire Pushes Up Gas Prices; Report From Bubblemaps Raises Concerns About Potential Insider Trading on Polymarket; NTSB to Soon Update on Deadly LaGuardia Runway Crash; Delta Suspends Some Services for Congress Amid Government Shutdown. Aired 1:30-2p ET Aired March 24, 2026 - 13:30 ET THIS IS A RUSH TRANSCRIPT. THIS COPY MAY NOT BE IN ITS FINAL FORM AND MAY BE UPDATED. (COMMERCIAL BREAK) ",https://transcripts.cnn.com/show/cnc/date/2026-03-24/segment/08,scandal_integrity
partner_media,CNN,2026-03-28,CNN.com - Transcripts,"CNN.com - Transcripts Transcript Providers Return to Transcripts main page Smerconish Strategic Ambiguity Or Incoherence; Satellite Images Show Saudi Airbase Where Iran Strike Injured At Least 10 U.S. Troops; Rubio: U.S. Can Achieve Iran War Objectives Without Ground Troops. ""No Kings"" Protests Scheduled Across The Country; Well-Timed Iran War Bets Raise Questions. Aired 9-10a ET Aired March 28, 2026 - 09:00 ET THIS IS A RUSH TRANSCRIPT. THIS COPY MAY NOT BE IN ITS FINAL FORM AND MAY BE UPDATED.",https://transcripts.cnn.com/show/smer/date/2026-03-28/segment/01,other_context
partner_media,CNN,2026-03-30,CNN.com - Transcripts,"CNN.com - Transcripts Transcript Providers Return to Transcripts main page CNN News Central White House Says Talks with Iran Going Well, Iran Says They Are Not; Michigan Synagogue Attack was Hezbollah-Inspired Act of Terrorism; Fed Prosecutors Exploring Whether Certain Lucrative Prediction Market Bets Violate Insider Trading Laws; Interview with Rep. Eric Swalwell (D-CA): WAPO, NYT: FBI Director Patel Pushing to Release Documents on Rep. Swalwell. Aired 3:30-4p ET Aired March 30, 2026 - 15:30 ET",https://transcripts.cnn.com/show/cnc/date/2026-03-30/segment/12,scandal_integrity
partner_media,CNN,2026-04-22,CNN.com - Transcripts,"CNN.com - Transcripts Transcript Providers Return to Transcripts main page CNN News Central Iran President Says U.S. Blockade and Threats are Obstacles to Negotiation; Iran Says It Seized Two Ships After Trump Extends Ceasefire; Traveling Doctor Treats Rural Cancer Patients Across Colorado; Kalshi Prediction Site Suspends Three Political Candidates for Betting on Their Own Races; Hakeem Jeffries Warns Florida GOP Over New Map. Aired 3:30-4p ET Aired April 22, 2026 - 15:30 ET THIS IS A RUSH TRANS",https://transcripts.cnn.com/show/cnc/date/2026-04-22/segment/12,scandal_integrity
partner_media,CNN,2026-04-23,CNN.com - Transcripts,CNN.com - Transcripts Transcript Providers Return to Transcripts main page Connect the World U.S.-Israel War with Iran; Trump Tripling Effort to Clear Strait of Hormuz of Mines; U.S. Navy Secretary Ousted; Journalist Killed in Lebanon during Israeli Strike; Ukraine Cannot Defer Help until Iran War is Over; Palestinian Schoolboy Killed by Israeli Settlers; Paramount's Unsettling Potential Takeover of Warner Bros. Discovery; Political Candidates Caught Betting on Their Own Campaigns; Epstein Files,https://transcripts.cnn.com/show/ctw/date/2026-04-23/segment/02,growth_legitimacy
partner_media,CNN,2026-04-23,CNN.com - Transcripts,"CNN.com - Transcripts Transcript Providers Return to Transcripts main page One World with Zain Asher Ceasefire In Place In Lebanon, Both Sides Report Violations; Sources: U.S. navy Secretary Told To Resign Or Be Fired; European Business Activity Drops Due To Iran War; U.N.: Even If War Stops, 30M Plus People Will Fall Into Poverty; Site Accuses Three Candidates Of Betting On Their Own Races; CNN Investigates Claims Of Sexual Abuse by Other Men; Officials: Nearly 800 People Killed In Gaza Since O",https://transcripts.cnn.com/show/ow/date/2026-04-23/segment/02,growth_legitimacy
partner_media,CNN,2026-04-24,CNN.com - Transcripts,"CNN.com - Transcripts Transcript Providers Return to Transcripts main page The Situation Room Hegseth Says, Our Blockade is Growing and Going Global; Indictment Says, U.S. Soldier from Maduro Capture Won $400,000 on Raid Bet; People Injured, Homes Destroyed After Tornado Hits Central Oklahoma. Aired 10-10:30a ET Aired April 24, 2026 - 10:00 ET THIS IS A RUSH TRANSCRIPT. THIS COPY MAY NOT BE IN ITS FINAL FORM AND MAY BE UPDATED. (COMMERCIAL BREAK) [10:00:00] PAMELA BROWN, CNN ANCHOR: Happening no",https://transcripts.cnn.com/show/sitroom/date/2026-04-24/segment/01,scandal_integrity
partner_media,CNN,2026-04-28,CNN.com - Transcripts,"CNN.com - Transcripts Transcript Providers Return to Transcripts main page CNN News Central Hearing For A Man Charged With Killing Two USF Doctoral Students; Trump Endorses Rebranding ICE As ""Nice""; Today: Opening Statements Expected In Musk V. Altman Trial. Aired 9:30-10a ET Aired April 28, 2026 - 09:30 ET THIS IS A RUSH TRANSCRIPT. THIS COPY MAY NOT BE IN ITS FINAL FORM AND MAY BE UPDATED. KATE BOLDUAN, CNN ANCHOR: Joining me right now. Isabel, what's the very latest? What are you learning her",https://transcripts.cnn.com/show/cnc/date/2026-04-28/segment/06,scandal_integrity
partner_media,CNN,2026-05-01,CNN.com - Transcripts,"CNN.com - Transcripts Transcript Providers Return to Transcripts main page CNN News Central Who's to Blame for Increase in Gas Prices; Apple Reports $111 Billion Plus Revenue in Best March Quarter Ever; Tory Burch Foundation Honors Anna Wintour Ahead of Met Gala. Aired 9:30-10a ET Aired May 01, 2026 - 09:30 ET THIS IS A RUSH TRANSCRIPT. THIS COPY MAY NOT BE IN ITS FINAL FORM AND MAY BE UPDATED. [09:30:00] PETE MUNTEAN, CNN AVIATION CORRESPONDENT: Silent Bob? UNIDENTIFIED MALE: Yes, because he ne",https://transcripts.cnn.com/show/cnc/date/2026-05-01/segment/06,regulatory_jurisdiction
partner_media,CNN,2026-05-04,CNN.com - Transcripts,"CNN.com - Transcripts Transcript Providers Return to Transcripts main page CNN News Central Acting A.G. on Comey Indictment; DeSantis Chances for 2028; Matthew Rhys is Interviewed about ""Widow's Bay"". Aired 9:30-10a ET Aired May 04, 2026 - 09:30 ET THIS IS A RUSH TRANSCRIPT. THIS COPY MAY NOT BE IN ITS FINAL FORM AND MAY BE UPDATED. (COMMERCIAL BREAK) [09:30:41] KATE BOLDUAN, CNN ANCHOR: So, the indictment was handed down. The former FBI director turned himself in and says he's ready to fight. N",https://transcripts.cnn.com/show/cnc/date/2026-05-04/segment/06,scandal_integrity
partner_media,CNN,2026-05-05,CNN.com - Transcripts,"CNN.com - Transcripts Transcript Providers Return to Transcripts main page CNN News Central Jared Spataro is Interviewed about Microsoft; Polls on November Elections; Celebrities Stun at Met Gala. Aired 9:30-10a ET Aired May 05, 2026 - 09:30 ET THIS IS A RUSH TRANSCRIPT. THIS COPY MAY NOT BE IN ITS FINAL FORM AND MAY BE UPDATED. (COMMERCIAL BREAK) [09:31:11] KATE BOLDUAN, CNN ANCHOR: New this morning, the Trump administration just announced agreements with top AI firms giving the government some",https://transcripts.cnn.com/show/cnc/date/2026-05-05/segment/06,other_context
partner_media,CNN,2026-05-06,CNN.com - Transcripts,"CNN.com - Transcripts Transcript Providers Return to Transcripts main page CNN News Central Jane Harman is Interviewed about the One-Page Memo to End the War; White House Ballroom Numbers; Pennsylvania sues A.I. Company. Aired 9:30-10a ET Aired May 06, 2026 - 09:30 ET THIS IS A RUSH TRANSCRIPT. THIS COPY MAY NOT BE IN ITS FINAL FORM AND MAY BE UPDATED. (COMMERCIAL BREAK) [09:31:51] SARA SIDNER, CNN ANCHOR: All right, we've got major developments that happened this morning on the war with Iran. C",https://transcripts.cnn.com/show/cnc/date/2026-05-06/segment/06,regulatory_jurisdiction
partner_media,CNN,2026-05-14,CNN.com - Transcripts,"CNN.com - Transcripts Transcript Providers Return to Transcripts main page CNN News Central Xi Hails New Era in U.S.-China Relations; Crash Survivors Saved After Hours in Life Rafts; Politics and the Pump; Closing Arguments in Musk vs. Altman Trial. Aired 9:30-10a ET Aired May 14, 2026 - 09:30 ET THIS IS A RUSH TRANSCRIPT. THIS COPY MAY NOT BE IN ITS FINAL FORM AND MAY BE UPDATED. [09:30:00] ERIC BLAND, ATTORNEY FOR VICTIMS OF ALEX MURDAUGH'S FINANCIAL CRIMES: Knows no distance. Maggie and Paul ",https://transcripts.cnn.com/show/cnc/date/2026-05-14/segment/06,other_context
partner_media,CNN,2026-05-29,CNN.com - Transcripts,CNN.com - Transcripts Transcript Providers Return to Transcripts main page The Brief with Jim Sciutto Drone Strike In Romania; Two Injured After Drone Hits Apartment Building In Romania; Laos Cave Rescue Operation; Rescue Ops To Resume After First Survivor Exits Cave; Kalshi Sues Minnesota Over Its Ban On Prediction Markets; Rising Prices Driving Up Food Insecurity In U.S.; Trump Weighs Deal With Iran; Bondi Grilled By Lawmakers On Capitol Hill; Judge Orders Kennedy Center To Remove Trump's Name,https://transcripts.cnn.com/show/tbwjs/date/2026-05-29/segment/01,scandal_integrity
partner_media,CNN,2026-06-03,CNN.com - Transcripts,"CNN.com - Transcripts Transcript Providers Return to Transcripts main page The Situation Room Iranian Military Says it Targeted U.S. Bases in Kuwait and Bahrain; Ukraine Strikes Back Against Russia; Sources: George Santos Investigated for Alleged Insider Trading; Sources: Ethics Committee Probing Rep. Gomez Sexual Misconduct Claims. Aired 11:30-12p ET Aired June 03, 2026 - 11:30 ET THIS IS A RUSH TRANSCRIPT. THIS COPY MAY NOT BE IN ITS FINAL FORM AND MAY BE UPDATED. [11:30:00] PETE MUNTEAN, CNN ",https://transcripts.cnn.com/show/sitroom/date/2026-06-03/segment/04,scandal_integrity
partner_media,CNN,2026-06-09,CNN.com - Transcripts,"CNN.com - Transcripts Transcript Providers Return to Transcripts main page CNN This Morning Trump Attends NBA Finals Game and Knicks Lose; Texas Tech QB Ruled Eligible after Sports Betting Ban. Aired 6-6:30a ET Aired June 09, 2026 - 06:00 ET THIS IS A RUSH TRANSCRIPT. THIS COPY MAY NOT BE IN ITS FINAL FORM AND MAY BE UPDATED. BRAD SMITH, CNN ANCHOR: Fortunately, no one was hurt. [06:00:03] And in Texas, a nearly 8-foot alligator was caught horsing around in a stable. An employee was able to wran",https://transcripts.cnn.com/show/ctmo/date/2026-06-09/segment/01,other_context
partner_media,CNN,2026-06-30,CNN.com - Transcripts,"CNN.com - Transcripts Transcript Providers Return to Transcripts main page CNN News Central Miraculous Rescues in Venezuela; Polls on Proud to be an American; Two Astronauts make ISS Repairs. Aired 9:30-10a ET Aired June 30, 2026 - 09:30 ET THIS IS A RUSH TRANSCRIPT. THIS COPY MAY NOT BE IN ITS FINAL FORM AND MAY BE UPDATED. [09:30:00] KATE BOLDUAN, CNN ANCHOR: And rescued. And also right now NASA astronauts are venturing outside the International Space Station. What we know about this mission. ",https://transcripts.cnn.com/show/cnc/date/2026-06-30/segment/06,other_context
partner_media,CNN,2026-07-16,CNN.com - Transcripts,"CNN.com - Transcripts Transcript Providers Return to Transcripts main page CNN's The Arena with Kasie Hunt Sources: Trump To Push Foreign Meddling Claims In Speech; Officials Probe If White House Aide Profited Off Trump's Words; Source: Blanche Meeting With Epstein Survivors This Hour; Hegseth's New Policy Will Test Troops For Low Testosterone. Aired 4-5p ET Aired July 16, 2026 - 16:00 ET THIS IS A RUSH TRANSCRIPT. THIS COPY MAY NOT BE IN ITS FINAL FORM AND MAY BE UPDATED. [16:00:00] BRIANNA KEI",https://transcripts.cnn.com/show/arena/date/2026-07-16/segment/01,other_context
partner_media,CNN,2026-07-16,CNN.com - Transcripts,"CNN.com - Transcripts Transcript Providers Return to Transcripts main page CNN News Central Air Quality in Some U.S. Cities Hazardous from Wildfire Smoke; Trump to Push Foreign Meddling Claims in Election Speech; Vance Says Trump Administration Screwed Up Epstein Files Release; At Least 1 Dead in Texas Hill Country Flooding; Trump's Teleprompter Operator Under Investigation for Insider Trading. Aired 3:30-4p ET Aired July 16, 2026 - 15:30 ET THIS IS A RUSH TRANSCRIPT. THIS COPY MAY NOT BE IN ITS",https://transcripts.cnn.com/show/cnc/date/2026-07-16/segment/12,scandal_integrity
partner_media,CNN,2026-07-16,CNN.com - Transcripts,"CNN.com - Transcripts Transcript Providers Return to Transcripts main page Laura Coates Live Donald Trump Addresses Election System Issues at His Primetime Address to the Nation; Trump to Sell Truth Social Posts for Priority Access; One of Epstein Survivors Speak Out Following Todd Blanche's Meeting at the DOJ. Aired 11p-12a ET Aired July 16, 2026 - 23:00 ET THIS IS A RUSH TRANSCRIPT. THIS COPY MAY NOT BE IN ITS FINAL FORM AND MAY BE UPDATED. [23:00:37] LAURA COATES, CNN ANCHOR, AND SENIOR LEGAL",https://transcripts.cnn.com/show/lcl/date/2026-07-16/segment/01,regulatory_jurisdiction
partner_media,CNN,2026-07-16,CNN.com - Transcripts,"CNN.com - Transcripts Transcript Providers Return to Transcripts main page One World with Zain Asher Warning For ""Large And Deadly Flood Wave"" On Guadalupe River; Wildfire Smoke Impacting Air Quality For 100 Million Plus People In United States; Vance: Some Israel Officials Seeking To Derail Iran Diplomacy; U.S. Secretary Of State Hosts International Summit On Left-Wing Terrorism; Defending Champions Argentina Win Semifinal Against England; Trump To Speak ON ""Free And Fair Elections"" Tonight; So",https://transcripts.cnn.com/show/ow/date/2026-07-16/segment/02,other_context
partner_media,CNN,2026-07-16,CNN.com - Transcripts,CNN.com - Transcripts Transcript Providers Return to Transcripts main page Quest Means Business Protests in Ukraine After Zelenskyy Ousts Defense Minister; Truth Social Will Sell Wall Street Quicker Access to Posts; U.S. Announces New 25 Percent on Certain Brazilian Goods. Lovelace CEO on How A.I. is Changing National Defense; Standard Nuclear Shares Fall After IPO; Route 66 Road Trip Continues; Christopher Nolan Directs $250 Million Adaptation of Greek Epic; Visiting All 48 World Cup Contenders,https://transcripts.cnn.com/show/qmb/date/2026-07-16/segment/01,other_context
partner_media,CNN,2026-07-17,CNN.com - Transcripts,"CNN.com - Transcripts Transcript Providers Return to Transcripts main page CNN This Morning Trump Gives Speech on Election Security; Spain v. Argentina: World Cup Final This Weekend. Aired 6-6:30a ET Aired July 17, 2026 - 06:00 ET THIS IS A RUSH TRANSCRIPT. THIS COPY MAY NOT BE IN ITS FINAL FORM AND MAY BE UPDATED. BRAD SMITH, CNN ANCHOR: Filming in the rain when they saw it was stranded in the water and quickly paddled over to help. [06:00:07] Tucker said that he scooped the raccoon up with his",https://transcripts.cnn.com/show/ctmo/date/2026-07-17/segment/01,other_context
partner_media,CNN,2026-07-17,CNN.com - Transcripts,"CNN.com - Transcripts Transcript Providers Return to Transcripts main page The Situation Room Economic Impact of World Cup?; U.S. Targets Iranian Bridges; Trump's Teleprompter Operator Involved in Insider Trading?; Lettuce Served at Taco Bell Tied to Regional Parasitic Outbreak. Aired 10:30a- 11a ET Aired July 17, 2026 - 10:30 ET THIS IS A RUSH TRANSCRIPT. THIS COPY MAY NOT BE IN ITS FINAL FORM AND MAY BE UPDATED. JACQUELINE HOWARD, CNN HEALTH REPORTER: But what the CDC has recently identified i",https://transcripts.cnn.com/show/sitroom/date/2026-07-17/segment/02,scandal_integrity
partner_media,CNN,2026-07-18,CNN.com - Transcripts,"CNN.com - Transcripts Transcript Providers Return to Transcripts main page CNN This Morning Iran targets Military Bases As U.S. Launches Wave Of Strikes; Trump Threatens Canada With Tariffs Over Wildfire Smoke; Forecast Improving For Areas Hit Hard By Heavy Rain, Floods In Texas; U.S. Forest Service Employees Are Freed After 15-Hour Hostage Ordeal; White House Teleprompter Operator Placed On Leave Amid Prediction Market Insider Trading Investigation; Trump Tests China Relations With Election Med",https://transcripts.cnn.com/show/ctmo/date/2026-07-18/segment/01,scandal_integrity
independent_media,The Guardian,2026-02-12,,,https://www.theguardian.com/us-news/2026/feb/12/kalshi-and-polymarket-prohibit-affiliates-from-spreading-election-misinformation,no_captured_text
independent_media,The Guardian,2026-05-19,,,https://www.theguardian.com/us-news/2026/may/19/justices-lift-rulings-barring-prediction-market-startup-kalshi-from-offering-sports-betting,no_captured_text
independent_media,The Guardian,2026-06-21,,,https://www.theguardian.com/us-news/2026/jun/21/prediction-markets-surge-us-public-health-advocates-gambling,no_captured_text
independent_media,The Guardian,2026-07-16,,,https://www.theguardian.com/us-news/2026/jul/16/white-house-teleprompter-operator-put-on-leave-alleged-bets-trump-speeches,no_captured_text
independent_media,The Guardian,2026-07-16,,,https://www.theguardian.com/us-news/2026/jul/16/fda-jazz-pharmaceuticals-drug-trial-results-kalshi-polymarket,no_captured_text
independent_media,Axios,2026-03-17,,,https://www.axios.com/2026/03/17/kalshi-polymarket-sports-betting,no_captured_text
independent_media,Axios,2026-07-16,,,https://www.axios.com/2026/07/16/teleprompter-trump-kalshi-prediction-market-bets,no_captured_text
independent_media,Axios,2026-04-10,,,https://www.axios.com/local/phoenix/2026/04/10/arizona-cannot-regulate-operator-kalshi,no_captured_text
independent_media,Business Insider,2026-06-01,,,https://www.businessinsider.com/kalshi-near-billion-dollar-valuation-fundraising-round-report-2026-6,no_captured_text
independent_media,Business Insider,2026-07-16,,,https://www.businessinsider.com/trump-teleprompter-operator-investigation-kalshi-bets-speeches-2026-7,no_captured_text
independent_media,Business Insider,2026-07-17,,,https://www.businessinsider.com/flight-cancellation-betting-sparks-consumer-protection-concerns-2026-7,no_captured_text
independent_media,Investopedia,2026-07-17,Philip Morris Stock Tumbles as Sales Miss Estimates,Philip Morris Stock Tumbles as Sales Miss Estimates Skip to content Investopedia Trade Search Please fill out this field. Log In My Account Log Out Newsletters Search Please fill out this field. News News Markets Companies Earnings CD Rates Mortgage Rates Economy Government Crypto Live Markets News Personal Finance View All Investing Investing Stocks Cryptocurrency Bonds ETFs Options and Derivatives Commodities Trading Automated Investing Brokers Fundamental Analysis View All Simulator Simulator,https://www.investopedia.com/polymarket-ties-with-x-could-make-it-a-more-trusted-betting-source-11776697,scandal_integrity
independent_media,Investopedia,2026-06-24,,,https://www.investopedia.com/pro-trump-prediction-markets-kalshi-and-polymarket-trump-ceasefire-comments-11762459,no_captured_text
independent_media,Investopedia,2026-06-20,,,https://www.investopedia.com/bettors-believe-u-s-will-retaliate-to-iranian-missile-attacks-by-the-weekend-11758428,no_captured_text
independent_media,Forbes Advisor,2026-07-01,,,https://www.forbes.com/advisor/investing/prediction-markets/,no_captured_text
independent_media,Forbes Business Council,2026-05-05,The Rise Of Prediction Markets In The USA,The Rise Of Prediction Markets In The USA Sign Up For Newsletters Games Share a News Tip Featured Featured Breaking News White House Watch Daily Cover Stories 2026 Best Brands For Value 2026 Forbes World's Most Influential CMOs List The AI Risks CEOs Didn’t Budget For | Paid Program The Resilient Enterprise: How A Strategic Insurance Partner Helps Large Firms Navigate Evolving Threats | Paid Program Making It Their Way: Six TikTok Creators On Finding A High-Quality Content Strategy That Pays Off,https://www.forbes.com/councils/forbesbusinesscouncil/2026/05/05/the-rise-of-prediction-markets-in-the-usa/,other_context
independent_media,Forbes,2026-04-15,Prediction Markets Are Scaling Faster Than The Law,Prediction Markets Are Scaling Faster Than The Law Sign Up For Newsletters Games Share a News Tip Featured Featured Breaking News White House Watch Daily Cover Stories 2026 Best Brands For Value 2026 Forbes World's Most Influential CMOs List The AI Risks CEOs Didn’t Budget For | Paid Program The Resilient Enterprise: How A Strategic Insurance Partner Helps Large Firms Navigate Evolving Threats | Paid Program Making It Their Way: Six TikTok Creators On Finding A High-Quality Content Strategy That,https://www.forbes.com/sites/ajdhaliwal/2026/04/15/prediction-markets-are-scaling-faster-than-the-law/,growth_legitimacy
independent_media,Forbes,2026-06-01,Kalshi’s CEO Wants To Turn Every Question Into A Market,Kalshi’s CEO Wants To Turn Every Question Into A Market Sign Up For Newsletters Games Share a News Tip Featured Featured Breaking News White House Watch Daily Cover Stories 2026 Best Brands For Value 2026 Forbes World's Most Influential CMOs List The AI Risks CEOs Didn’t Budget For | Paid Program The Resilient Enterprise: How A Strategic Insurance Partner Helps Large Firms Navigate Evolving Threats | Paid Program Making It Their Way: Six TikTok Creators On Finding A High-Quality Content Strategy,https://www.forbes.com/sites/digital-assets/2026/06/01/kalshis-ceo-wants-to-turn-every-question-into-a-market/,growth_legitimacy
independent_media,Forbes,2026-04-27,Prediction Market’s First Insider Trading Case,Prediction Market’s First Insider Trading Case Sign Up For Newsletters Games Share a News Tip Featured Featured Breaking News White House Watch Daily Cover Stories 2026 Best Brands For Value 2026 Forbes World's Most Influential CMOs List The AI Risks CEOs Didn’t Budget For | Paid Program The Resilient Enterprise: How A Strategic Insurance Partner Helps Large Firms Navigate Evolving Threats | Paid Program Making It Their Way: Six TikTok Creators On Finding A High-Quality Content Strategy That Pay,https://www.forbes.com/sites/walterpavlo/2026/04/27/prediction-markets-first-insider-trading-case/,scandal_integrity
independent_media,The Washington Post,2026-06-23,,,https://www.washingtonpost.com/politics/2026/06/23/why-prediction-markets-election-picks-are-useful-even-when-they-seem-wrong/,no_captured_text
independent_media,The Washington Post,2026-06-28,,,https://www.washingtonpost.com/opinions/2026/06/28/qa-with-kalshis-tarek-mansour-prediction-market-prophet//,no_captured_text
independent_media,Associated Press,2026-02-17,"Trump administration backs Kalshi, Polymarket as states move to ban prediction markets","Trump administration backs Kalshi, Polymarket as states move to ban prediction markets | AP News Menu World SECTIONS Iran war Russia-Ukraine war Español China Asia Pacific Latin America Europe Africa TOP STORIES US military carries out strikes on Iran as both sides threaten civilian infrastructure Iran's demands over the Strait of Hormuz would set a dangerous precedent, Rubio warns Asian leaders What to know about Iran's Pickaxe Mountain, home to an underground nuclear site threatened by Trump N",https://apnews.com/article/cf1fa23f126a77400a363ba920afcfbf,regulatory_jurisdiction
independent_media,Associated Press,2026-04-09,"Prediction markets, filled with 24/7 bets, are regulated differently than traditional gambling","Polymarket flagged a classified-info trade as the Maduro raid bet led to a $400,000 win | AP News Menu World SECTIONS Iran war Russia-Ukraine war Español China Asia Pacific Latin America Europe Africa TOP STORIES US military carries out strikes on Iran as both sides threaten civilian infrastructure Iran's demands over the Strait of Hormuz would set a dangerous precedent, Rubio warns Asian leaders What to know about Iran's Pickaxe Mountain, home to an underground nuclear site threatened by Trump ",https://apnews.com/article/823b748b446f2fccbbe760b6e60fbab3,scandal_integrity
independent_media,Associated Press,2026-06-03T01:19:03,"George Santos reported to prosecutors over suspicious Kalshi trades, AP source says","AP source says George Santos reported to prosecutors over suspicious Kalshi trades | AP News Menu World SECTIONS Iran war Russia-Ukraine war Español China Asia Pacific Latin America Europe Africa TOP STORIES US military carries out strikes on Iran as both sides threaten civilian infrastructure Iran's demands over the Strait of Hormuz would set a dangerous precedent, Rubio warns Asian leaders What to know about Iran's Pickaxe Mountain, home to an underground nuclear site threatened by Trump Newsl",https://apnews.com/article/2ea925949a0f3f72ec46411b41344858,scandal_integrity
independent_media,Associated Press,2026-04-23T22:12:21,US soldier charged with using classified intel to win $400K Polymarket bet on Maduro raid,"Feds charge soldier with using intel to win $400K bet on Maduro raid | AP News Menu World SECTIONS Iran war Russia-Ukraine war Español China Asia Pacific Latin America Europe Africa TOP STORIES US military carries out strikes on Iran as both sides threaten civilian infrastructure Iran's demands over the Strait of Hormuz would set a dangerous precedent, Rubio warns Asian leaders What to know about Iran's Pickaxe Mountain, home to an underground nuclear site threatened by Trump Newsletters The Aft",https://apnews.com/article/74047663d9ae104127948896fdfb59d9,scandal_integrity
independent_media,Associated Press,2026-06-03,Polymarket cuts ties with George Santos as regulators probe trades on rival prediction market,"Polymarket cuts ties with George Santos as regulators probe trades | AP News Menu World SECTIONS Iran war Russia-Ukraine war Español China Asia Pacific Latin America Europe Africa TOP STORIES US military carries out strikes on Iran as both sides threaten civilian infrastructure Iran's demands over the Strait of Hormuz would set a dangerous precedent, Rubio warns Asian leaders What to know about Iran's Pickaxe Mountain, home to an underground nuclear site threatened by Trump Newsletters The After",https://apnews.com/article/dcc34f4d927d074fe4e1bedeff04b64f,scandal_integrity
independent_media,Associated Press,2026-06-13,A coalition sues to block Kentucky’s new 14.25% prediction markets tax,"Kentucky's new tax on prediction markets faces legal challenge from Kalshi and others | AP News Menu World SECTIONS Iran war Russia-Ukraine war Español China Asia Pacific Latin America Europe Africa TOP STORIES US military carries out strikes on Iran as both sides threaten civilian infrastructure Iran's demands over the Strait of Hormuz would set a dangerous precedent, Rubio warns Asian leaders What to know about Iran's Pickaxe Mountain, home to an underground nuclear site threatened by Trump Ne",https://apnews.com/article/4f3fef5679ed18442bf065e832185474,regulatory_jurisdiction
independent_media,Associated Press,2026-02-07,"Giannis Antetokounmpo joins Kalshi as a shareholder, marking a new venture for the NBA star","Bucks star Giannis Antetokounmpo joins Kalshi as a shareholder | AP News Menu World SECTIONS Iran war Russia-Ukraine war Español China Asia Pacific Latin America Europe Africa TOP STORIES US military carries out strikes on Iran as both sides threaten civilian infrastructure Iran's demands over the Strait of Hormuz would set a dangerous precedent, Rubio warns Asian leaders What to know about Iran's Pickaxe Mountain, home to an underground nuclear site threatened by Trump Newsletters The Afternoon",https://apnews.com/article/c611cae905f7c4dbdbba5f371cf92701,growth_legitimacy
independent_media,Associated Press,2026-02-26,Editorial Roundup: United States,"Editorial Roundup: United States | AP News Menu World SECTIONS Iran war Russia-Ukraine war Español China Asia Pacific Latin America Europe Africa TOP STORIES US military carries out strikes on Iran as both sides threaten civilian infrastructure Iran's demands over the Strait of Hormuz would set a dangerous precedent, Rubio warns Asian leaders What to know about Iran's Pickaxe Mountain, home to an underground nuclear site threatened by Trump Newsletters The Afternoon Wire Our personalization engi",https://apnews.com/article/f9c544acb8bdb0377c0e6d75af41c3cf,growth_legitimacy
independent_media,Associated Press,2026-01-30,"A $400,000 payout after Maduro's capture is putting prediction markets in the spotlight","A $400,000 payout after Maduro's capture is putting prediction markets in the spotlight | AP News Menu World SECTIONS Iran war Russia-Ukraine war Español China Asia Pacific Latin America Europe Africa TOP STORIES US military carries out strikes on Iran as both sides threaten civilian infrastructure Iran's demands over the Strait of Hormuz would set a dangerous precedent, Rubio warns Asian leaders What to know about Iran's Pickaxe Mountain, home to an underground nuclear site threatened by Trump ",https://apnews.com/article/1f47e737f915fff00c57f03e7390b41f,growth_legitimacy
independent_media,Associated Press,2026-03-23,Kalshi and Polymarket place new bans on insider trading as senators move to curb prediction markets,"Kalshi and Polymarket ban insider trading by politicians and athletes | AP News Menu World SECTIONS Iran war Russia-Ukraine war Español China Asia Pacific Latin America Europe Africa TOP STORIES US military carries out strikes on Iran as both sides threaten civilian infrastructure Iran's demands over the Strait of Hormuz would set a dangerous precedent, Rubio warns Asian leaders What to know about Iran's Pickaxe Mountain, home to an underground nuclear site threatened by Trump Newsletters The Af",https://apnews.com/article/fe7435cf6efefd922aa2edb9a0e80a05,scandal_integrity
independent_media,Associated Press,2026-05-28,Google employee charged with using confidential search data to make $1.2 million on Polymarket,"US prosecutors charge Google engineer Michele Spagnuolo with insider trading | AP News Menu World SECTIONS Iran war Russia-Ukraine war Español China Asia Pacific Latin America Europe Africa TOP STORIES US military carries out strikes on Iran as both sides threaten civilian infrastructure Iran's demands over the Strait of Hormuz would set a dangerous precedent, Rubio warns Asian leaders What to know about Iran's Pickaxe Mountain, home to an underground nuclear site threatened by Trump Newsletters",https://apnews.com/article/0a16656cd72f1694bf16a781a5b73b8e,scandal_integrity
independent_media,Associated Press,2026-02-15,The Latest: Partial government shutdown over DHS oversight seems poised to drag on,"The Latest: Partial government shutdown over DHS oversight seems poised to drag on | AP News Menu World SECTIONS Iran war Russia-Ukraine war Español China Asia Pacific Latin America Europe Africa TOP STORIES US military carries out strikes on Iran as both sides threaten civilian infrastructure Iran's demands over the Strait of Hormuz would set a dangerous precedent, Rubio warns Asian leaders What to know about Iran's Pickaxe Mountain, home to an underground nuclear site threatened by Trump Newsl",https://apnews.com/article/f128cb98a5136bf5b8051d60b5391711,growth_legitimacy
independent_media,Associated Press,2026-04-22,Kalshi fines and suspends 3 congressional candidates for wagering on their own elections,"3 congressional candidates fined for betting on election outcomes | AP News Menu World SECTIONS Iran war Russia-Ukraine war Español China Asia Pacific Latin America Europe Africa TOP STORIES US military carries out strikes on Iran as both sides threaten civilian infrastructure Iran's demands over the Strait of Hormuz would set a dangerous precedent, Rubio warns Asian leaders What to know about Iran's Pickaxe Mountain, home to an underground nuclear site threatened by Trump Newsletters The Aftern",https://apnews.com/article/37766ee2922615be1bf6fa193dee1f43,scandal_integrity
independent_media,Associated Press,2026-06-09,Kalshi to collect employment info from customers trading in some high-risk markets,"Kalshi to collect employment info from customers trading in some high-risk markets | AP News Menu World SECTIONS Iran war Russia-Ukraine war Español China Asia Pacific Latin America Europe Africa TOP STORIES US military carries out strikes on Iran as both sides threaten civilian infrastructure Iran's demands over the Strait of Hormuz would set a dangerous precedent, Rubio warns Asian leaders What to know about Iran's Pickaxe Mountain, home to an underground nuclear site threatened by Trump Newsl",https://apnews.com/article/5b3aba465f57f5be9052d70c6739fc02,growth_legitimacy
independent_media,Associated Press,2026-04-24T13:53:41,US soldier charged with using classified intel to win $400K on Maduro raid is granted bond,"Soldier charged with using intel to win big Polymarket trades on Maduro raid appears in court | AP News Menu World SECTIONS Iran war Russia-Ukraine war Español China Asia Pacific Latin America Europe Africa TOP STORIES US military carries out strikes on Iran as both sides threaten civilian infrastructure Iran's demands over the Strait of Hormuz would set a dangerous precedent, Rubio warns Asian leaders What to know about Iran's Pickaxe Mountain, home to an underground nuclear site threatened by ",https://apnews.com/article/3924aed69e6d6efdda7127cf82364990,scandal_integrity
independent_media,Associated Press,2026-03-12,Utah’s anti-gambling tradition meets Kalshi and Polymarket in a new legal fight,"Utah’s anti-gambling tradition meets Kalshi and Polymarket in legal fight | AP News Menu World SECTIONS Iran war Russia-Ukraine war Español China Asia Pacific Latin America Europe Africa TOP STORIES US military carries out strikes on Iran as both sides threaten civilian infrastructure Iran's demands over the Strait of Hormuz would set a dangerous precedent, Rubio warns Asian leaders What to know about Iran's Pickaxe Mountain, home to an underground nuclear site threatened by Trump Newsletters Th",https://apnews.com/article/c3fecd3e120b4d5be103bc9e1f4a5587,growth_legitimacy
independent_media,Associated Press,2026-03-17,"Arizona hits Kalshi with criminal charges, escalating fight between states and prediction markets","Arizona files criminal charges against prediction market Kalshi | AP News Menu World SECTIONS Iran war Russia-Ukraine war Español China Asia Pacific Latin America Europe Africa TOP STORIES US military carries out strikes on Iran as both sides threaten civilian infrastructure Iran's demands over the Strait of Hormuz would set a dangerous precedent, Rubio warns Asian leaders What to know about Iran's Pickaxe Mountain, home to an underground nuclear site threatened by Trump Newsletters The Afternoo",https://apnews.com/article/3687ec3ea6725fa53389d9d594433580,scandal_integrity
independent_media,Associated Press,2026-04-09T21:46:39,Judge rejects bid to stop Arizona’s prosecution of Kalshi on wagering charges,"Kalshi loses bid to stop criminal case filed against it in Arizona | AP News Menu World SECTIONS Iran war Russia-Ukraine war Español China Asia Pacific Latin America Europe Africa TOP STORIES US military carries out strikes on Iran as both sides threaten civilian infrastructure Iran's demands over the Strait of Hormuz would set a dangerous precedent, Rubio warns Asian leaders What to know about Iran's Pickaxe Mountain, home to an underground nuclear site threatened by Trump Newsletters The After",https://apnews.com/article/563fbd63ded38faafc1a36b0382f7894,scandal_integrity
independent_media,Associated Press,2026-03-19,"MLB partners with Polymarket, makes integrity pact with federal commission on prediction markets","MLB partners with Polymarket, makes integrity pact with CFTC | AP News Menu World SECTIONS Iran war Russia-Ukraine war Español China Asia Pacific Latin America Europe Africa TOP STORIES US military carries out strikes on Iran as both sides threaten civilian infrastructure Iran's demands over the Strait of Hormuz would set a dangerous precedent, Rubio warns Asian leaders What to know about Iran's Pickaxe Mountain, home to an underground nuclear site threatened by Trump Newsletters The Afternoon W",https://apnews.com/article/79965008b559ea3c00940ea6e92dd509,regulatory_jurisdiction
independent_media,Associated Press,2026-03-25,Editorial Roundup: United States,"Editorial Roundup: United States | AP News Menu World SECTIONS Iran war Russia-Ukraine war Español China Asia Pacific Latin America Europe Africa TOP STORIES US military carries out strikes on Iran as both sides threaten civilian infrastructure Iran's demands over the Strait of Hormuz would set a dangerous precedent, Rubio warns Asian leaders What to know about Iran's Pickaxe Mountain, home to an underground nuclear site threatened by Trump Newsletters The Afternoon Wire Our personalization engi",https://apnews.com/article/3c62028a8c0ecaf22ab6a0921d051d20,growth_legitimacy
regulatory_critical,CFTC,2026-03-12,CFTC Staff Issues Prediction Markets Advisory | CFTC,CFTC Staff Issues Prediction Markets Advisory | CFTC /PressRoom/PressReleases/9193-26 Skip to main content Transparency Contact Us Search Search Main navigation About the CFTC The Commission Chairman & Commissioners CFTC Organization Advisory Committees Innovation at the CFTC Agriculture at the CFTC Budget & Performance Privacy at the CFTC Careers Industry Oversight Industry Filings Trading Organizations Clearing Organizations Data Repositories Intermediaries Market Surveillance Contracts & Prod,https://www.cftc.gov/PressRoom/PressReleases/9193-26,regulatory_jurisdiction
regulatory_critical,CFTC,2026-02-17,CFTC Reaffirms Exclusive Jurisdiction over Prediction Markets in U.S. Circuit Court Filing | CFTC,CFTC Reaffirms Exclusive Jurisdiction over Prediction Markets in U.S. Circuit Court Filing | CFTC /PressRoom/PressReleases/9183-26 Skip to main content Transparency Contact Us Search Search Main navigation About the CFTC The Commission Chairman & Commissioners CFTC Organization Advisory Committees Innovation at the CFTC Agriculture at the CFTC Budget & Performance Privacy at the CFTC Careers Industry Oversight Industry Filings Trading Organizations Clearing Organizations Data Repositories Interm,https://www.cftc.gov/PressRoom/PressReleases/9183-26,scandal_integrity
regulatory_critical,CFTC,2026-05-12,CFTC Reaffirms Exclusive Jurisdiction Over Prediction Markets in Sixth Circuit Amicus Brief | CFTC,CFTC Reaffirms Exclusive Jurisdiction Over Prediction Markets in Sixth Circuit Amicus Brief | CFTC /PressRoom/PressReleases/9230-26 Skip to main content Transparency Contact Us Search Search Main navigation About the CFTC The Commission Chairman & Commissioners CFTC Organization Advisory Committees Innovation at the CFTC Agriculture at the CFTC Budget & Performance Privacy at the CFTC Careers Industry Oversight Industry Filings Trading Organizations Clearing Organizations Data Repositories Inter,https://www.cftc.gov/PressRoom/PressReleases/9230-26,regulatory_jurisdiction
regulatory_critical,CFTC,2026-03-12,CFTC Seeks Public Comment on Advanced Notice of Proposed Rulemaking Relating to Prediction Markets | CFTC,CFTC Seeks Public Comment on Advanced Notice of Proposed Rulemaking Relating to Prediction Markets | CFTC /PressRoom/PressReleases/9194-26 Skip to main content Transparency Contact Us Search Search Main navigation About the CFTC The Commission Chairman & Commissioners CFTC Organization Advisory Committees Innovation at the CFTC Agriculture at the CFTC Budget & Performance Privacy at the CFTC Careers Industry Oversight Industry Filings Trading Organizations Clearing Organizations Data Repositorie,https://www.cftc.gov/PressRoom/PressReleases/9194-26,regulatory_jurisdiction
regulatory_critical,CFTC,2026-04-24,CFTC Reaffirms Exclusive Jurisdiction Over Prediction Markets in Massachusetts Supreme Judicial Court Filing | CFTC,CFTC Reaffirms Exclusive Jurisdiction Over Prediction Markets in Massachusetts Supreme Judicial Court Filing | CFTC /PressRoom/PressReleases/9219-26 Skip to main content Transparency Contact Us Search Search Main navigation About the CFTC The Commission Chairman & Commissioners CFTC Organization Advisory Committees Innovation at the CFTC Agriculture at the CFTC Budget & Performance Privacy at the CFTC Careers Industry Oversight Industry Filings Trading Organizations Clearing Organizations Data R,https://www.cftc.gov/PressRoom/PressReleases/9219-26,scandal_integrity
regulatory_critical,CFTC,2026-04-10,CFTC Announces Innovation Task Force Staff | CFTC,CFTC Announces Innovation Task Force Staff | CFTC /PressRoom/PressReleases/9210-26 Skip to main content Transparency Contact Us Search Search Main navigation About the CFTC The Commission Chairman & Commissioners CFTC Organization Advisory Committees Innovation at the CFTC Agriculture at the CFTC Budget & Performance Privacy at the CFTC Careers Industry Oversight Industry Filings Trading Organizations Clearing Organizations Data Repositories Intermediaries Market Surveillance Contracts & Product,https://www.cftc.gov/PressRoom/PressReleases/9210-26,regulatory_jurisdiction
regulatory_critical,CFTC,2026-04-02,CFTC Sues Trio of States to Reaffirm its Exclusive Jurisdiction Over Prediction Markets | CFTC,CFTC Sues Trio of States to Reaffirm its Exclusive Jurisdiction Over Prediction Markets | CFTC /PressRoom/PressReleases/9206-26 Skip to main content Transparency Contact Us Search Search Main navigation About the CFTC The Commission Chairman & Commissioners CFTC Organization Advisory Committees Innovation at the CFTC Agriculture at the CFTC Budget & Performance Privacy at the CFTC Careers Industry Oversight Industry Filings Trading Organizations Clearing Organizations Data Repositories Intermedi,https://www.cftc.gov/PressRoom/PressReleases/9206-26,regulatory_jurisdiction
regulatory_critical,CFTC,2026-04-24,CFTC Sues New York Over Prediction Markets Amid Ongoing Efforts to Preserve Jurisdiction | CFTC,CFTC Sues New York Over Prediction Markets Amid Ongoing Efforts to Preserve Jurisdiction | CFTC /PressRoom/PressReleases/9218-26 Skip to main content Transparency Contact Us Search Search Main navigation About the CFTC The Commission Chairman & Commissioners CFTC Organization Advisory Committees Innovation at the CFTC Agriculture at the CFTC Budget & Performance Privacy at the CFTC Careers Industry Oversight Industry Filings Trading Organizations Clearing Organizations Data Repositories Intermed,https://www.cftc.gov/PressRoom/PressReleases/9218-26,regulatory_jurisdiction
regulatory_critical,CFTC,2026-04-09,CFTC Seeks to Enjoin Arizona Criminal and Civil Enforcement Against Prediction Markets | CFTC,CFTC Seeks to Enjoin Arizona Criminal and Civil Enforcement Against Prediction Markets | CFTC /PressRoom/PressReleases/9208-26 Skip to main content Transparency Contact Us Search Search Main navigation About the CFTC The Commission Chairman & Commissioners CFTC Organization Advisory Committees Innovation at the CFTC Agriculture at the CFTC Budget & Performance Privacy at the CFTC Careers Industry Oversight Industry Filings Trading Organizations Clearing Organizations Data Repositories Intermedia,https://www.cftc.gov/PressRoom/PressReleases/9208-26,scandal_integrity
regulatory_critical,CFTC,2026-05-08,CFTC Issues Proposed Rule to Modify Clearing Requirement for Canadian Dollar- and Mexican Peso-Denominated Interest Rate Swaps | CFTC,CFTC Issues Proposed Rule to Modify Clearing Requirement for Canadian Dollar- and Mexican Peso-Denominated Interest Rate Swaps | CFTC /PressRoom/PressReleases/9228-26 Skip to main content Transparency Contact Us Search Search Main navigation About the CFTC The Commission Chairman & Commissioners CFTC Organization Advisory Committees Innovation at the CFTC Agriculture at the CFTC Budget & Performance Privacy at the CFTC Careers Industry Oversight Industry Filings Trading Organizations Clearing Or,https://www.cftc.gov/PressRoom/PressReleases/9228-26,regulatory_jurisdiction
regulatory_critical,CFTC,2026-06-17,Public Statements & Remarks | CFTC,Public Statements & Remarks | CFTC /PressRoom/SpeechesTestimony/phamstatement061726 Skip to main content Transparency Contact Us Search Search Main navigation About the CFTC The Commission Chairman & Commissioners CFTC Organization Advisory Committees Innovation at the CFTC Agriculture at the CFTC Budget & Performance Privacy at the CFTC Careers Industry Oversight Industry Filings Trading Organizations Clearing Organizations Data Repositories Intermediaries Market Surveillance Contracts & Produc,https://www.cftc.gov/PressRoom/SpeechesTestimony/phamstatement061726,regulatory_jurisdiction
regulatory_critical,CFTC,2026-03-19,CFTC and MLB Sign Groundbreaking MOU | CFTC,CFTC and MLB Sign Groundbreaking MOU | CFTC /PressRoom/PressReleases/9199-26 Skip to main content Transparency Contact Us Search Search Main navigation About the CFTC The Commission Chairman & Commissioners CFTC Organization Advisory Committees Innovation at the CFTC Agriculture at the CFTC Budget & Performance Privacy at the CFTC Careers Industry Oversight Industry Filings Trading Organizations Clearing Organizations Data Repositories Intermediaries Market Surveillance Contracts & Products Rule,https://www.cftc.gov/PressRoom/PressReleases/9199-26,regulatory_jurisdiction
regulatory_critical,House Oversight Committee,2026-05-22,Comer Launches Investigation Into Insider Trading on Prediction Market Platforms - United States House Committee on Oversight and Government Reform,"Comer Launches Investigation Into Insider Trading on Prediction Market Platforms - United States House Committee on Oversight and Government Reform Skip to main content Toggle navigation Search About Chairman James Comer Full Committee Rules Committee Activity Calendar Hearings Letters Markups Reports Forums Roundtables Subcommittees Cybersecurity, Information Technology, and Government Innovation Economic Growth, Energy Policy, and Regulatory Affairs Government Operations Health Care and Financ",https://oversight.house.gov/release/comer-launches-investigation-into-insider-trading-on-prediction-market-platforms/,scandal_integrity
regulatory_critical,House Financial Services Democrats,2026-04-08,,,https://democrats-finance.house.gov/news/documentsingle.aspx?DocumentID=4138,no_captured_text
regulatory_critical,Representative Lois Capps,2026-04-23,,,https://cappspress.house.gov/media/press-releases/capps-condemns-election-betting-platforms-demands-federal-action,no_captured_text
regulatory_critical,Senator Bill Cassidy,2026-07-16,,,https://www.cassidy.senate.gov/newsroom/press-releases/cassidy-colleagues-introduce-bill-to-crack-down-on-sports-event-contracts-and-protect-americans-from-online-gambling,no_captured_text
regulatory_critical,Senator John Cornyn,2026-07-16,,,https://www.cornyn.senate.gov/news/cornyn-cassidy-collins-introduce-bill-to-ban-online-sports-gambling/,no_captured_text
regulatory_critical,Senator Ed Markey,2026-04-24,,,https://www.markey.senate.gov/news/press-releases/after-reports-of-3-political-candidates-trading-on-their-elections-senator-markey-calls-for-elections-gambling-ban,no_captured_text
regulatory_critical,Senator Elizabeth Warren,2026-03-25,,,https://www.warren.senate.gov/newsroom/press-releases/warren-lawmakers-reintroduce-bill-to-ban-election-betting-urge-cftc-to-protect-democracy-from-gambling,no_captured_text
regulatory_critical,Senator Tammy Baldwin,2026-07-16,,,https://www.baldwin.senate.gov/news/press-releases/senators-introduce-the-safe-bet-act-to-ban-online-sports-gambling,no_captured_text
regulatory_critical,Senator Richard Blumenthal,2026-03-11,Blumenthal Introduces New Legislation to Regulate Prediction Markets | U.S. Senator Richard Blumenthal of Connecticut,"[2026-03-11] Blumenthal Introduces New Legislation to Regulate... Skip to content About Biography Committee Assignments Issues Legislation Voting Record About Connecticut Services Meeting & Event Requests Flag Requests Greeting Requests Visiting Washington, D.C. Federal Funding Help With A Federal Agency Academy Nominations Internship & Clerkship Applications Resources Newsroom Press Releases Official Photo Contact Write to Senator Blumenthal Get Assistance Website Search Open Submit Site Search",https://www.blumenthal.senate.gov/newsroom/press/release/blumenthal-introduces-new-legislation-to-regulate-prediction-markets,regulatory_jurisdiction
regulatory_critical,Senator Adam Schiff,2026-03-23,"NEWS: Sens. Schiff, Curtis Introduce Bipartisan Legislation to Ban Sports Prediction Market Contracts","NEWS: Sens. Schiff, Curtis Introduce Bipartisan Legislation to Ban Sports Prediction Market Contracts Skip to content Home About Committee Assignments Legislation Helping You Help With A Federal Agency Academy Nominations Flag Requests Internships Visit D.C. Tour Request Form Senate Page Program Appropriations CDS Archives WRDA & EPA Water Forms NDAA Requests News Press Releases Press Kit About Committee Assignments Legislation Helping You Help With A Federal Agency Academy Nominations Flag Requ",https://www.schiff.senate.gov/news/press-releases/news-sens-schiff-curtis-introduce-bipartisan-legislation-to-ban-sports-prediction-market-contracts/,regulatory_jurisdiction
regulatory_critical,Senate Commerce Committee,2026-04-30,"Commerce Committee Announces Upcoming Hearing on Sports Betting - U.S. Senate Committee on Commerce, Science, & Transportation","Commerce Committee Announces Upcoming Hearing on Sports Betting - U.S. Senate Committee on Commerce, Science, & Transportation Skip to content Home About The Chairman The Ranking Member Committee Members Subcommittees History Rules Contact FAQs Whistleblower Newsroom Republican News Democratic News Press Contacts Hearings Hearings Markups Legislation Nominations About The Chairman The Ranking Member Committee Members Subcommittees History Rules Contact FAQs Whistleblower Newsroom Republican News",https://www.commerce.senate.gov/press/rep/release/commerce-committee-announces-upcoming-hearing-on-sports-betting/,regulatory_jurisdiction
regulatory_critical,CFTC,2026-07-14,CFTC Stays KalshiEX Rule Change and Exercises Emergency Authority to Order Fulfillment of Pending Trades | CFTC,CFTC Stays KalshiEX Rule Change and Exercises Emergency Authority to Order Fulfillment of Pending Trades | CFTC /PressRoom/PressReleases/9267-26 Skip to main content Transparency Contact Us Search Search Main navigation About the CFTC The Commission Chairman & Commissioners CFTC Organization Advisory Committees Innovation at the CFTC Agriculture at the CFTC Budget & Performance Privacy at the CFTC Careers Industry Oversight Industry Filings Trading Organizations Clearing Organizations Data Repos,https://www.cftc.gov/PressRoom/PressReleases/9267-26,regulatory_jurisdiction
regulatory_critical,CFTC,2026-06-12,CFTC Sues New Mexico as the State Becomes the Latest Attempting to Infringe on Federal Jurisdiction | CFTC,CFTC Sues New Mexico as the State Becomes the Latest Attempting to Infringe on Federal Jurisdiction | CFTC /PressRoom/PressReleases/9251-26 Skip to main content Transparency Contact Us Search Search Main navigation About the CFTC The Commission Chairman & Commissioners CFTC Organization Advisory Committees Innovation at the CFTC Agriculture at the CFTC Budget & Performance Privacy at the CFTC Careers Industry Oversight Industry Filings Trading Organizations Clearing Organizations Data Repositori,https://www.cftc.gov/PressRoom/PressReleases/9251-26,regulatory_jurisdiction
regulatory_critical,CFTC,2026-05-29,"CFTC Approves BTCPERP Contract Submitted by KalshiEX, LLC | CFTC","CFTC Approves BTCPERP Contract Submitted by KalshiEX, LLC | CFTC /PressRoom/PressReleases/9240-26 Skip to main content Transparency Contact Us Search Search Main navigation About the CFTC The Commission Chairman & Commissioners CFTC Organization Advisory Committees Innovation at the CFTC Agriculture at the CFTC Budget & Performance Privacy at the CFTC Careers Industry Oversight Industry Filings Trading Organizations Clearing Organizations Data Repositories Intermediaries Market Surveillance Cont",https://www.cftc.gov/PressRoom/PressReleases/9240-26,regulatory_jurisdiction
regulatory_critical,CFTC,2026-04-28,CFTC Sues Wisconsin to Reaffirm its Exclusive Jurisdiction Over Prediction Markets | CFTC,CFTC Sues Wisconsin to Reaffirm its Exclusive Jurisdiction Over Prediction Markets | CFTC /PressRoom/PressReleases/9220-26 Skip to main content Transparency Contact Us Search Search Main navigation About the CFTC The Commission Chairman & Commissioners CFTC Organization Advisory Committees Innovation at the CFTC Agriculture at the CFTC Budget & Performance Privacy at the CFTC Careers Industry Oversight Industry Filings Trading Organizations Clearing Organizations Data Repositories Intermediaries,https://www.cftc.gov/PressRoom/PressReleases/9220-26,regulatory_jurisdiction
regulatory_critical,CFTC,2026-02-12,CFTC Announces Innovation Advisory Committee Members | CFTC,CFTC Announces Innovation Advisory Committee Members | CFTC /PressRoom/PressReleases/9182-26 Skip to main content Transparency Contact Us Search Search Main navigation About the CFTC The Commission Chairman & Commissioners CFTC Organization Advisory Committees Innovation at the CFTC Agriculture at the CFTC Budget & Performance Privacy at the CFTC Careers Industry Oversight Industry Filings Trading Organizations Clearing Organizations Data Repositories Intermediaries Market Surveillance Contracts,https://www.cftc.gov/PressRoom/PressReleases/9182-26,regulatory_jurisdiction
regulatory_critical,CFTC,2025-12-10,Acting Chairman Pham Announces CEO Innovation Council Participants | CFTC,Acting Chairman Pham Announces CEO Innovation Council Participants | CFTC /PressRoom/PressReleases/9150-25 Skip to main content Transparency Contact Us Search Search Main navigation About the CFTC The Commission Chairman & Commissioners CFTC Organization Advisory Committees Innovation at the CFTC Agriculture at the CFTC Budget & Performance Privacy at the CFTC Careers Industry Oversight Industry Filings Trading Organizations Clearing Organizations Data Repositories Intermediaries Market Surveill,https://www.cftc.gov/PressRoom/PressReleases/9150-25,regulatory_jurisdiction
regulatory_critical,Senator Elizabeth Warren,2026-03-30,"Warren, 40+ Lawmakers Push Regulators to Address Illegal Insider Trading in Prediction Markets","Warren, 40+ Lawmakers Push Regulators to Address Illegal Insider Trading in Prediction Markets Skip to content Home About About Elizabeth Voting Record Legislation Committee Assignments News Press Releases In The News Op-eds Social Media Services Help with a Federal Agency Education Housing Immigration, Citizenship & Visas Medicare Military Assistance Passports Social Security Taxes & IRS Veterans Affairs Office of Personnel Management Other Labor Flag Requests Tour Requests Tour Request Form In",https://www.warren.senate.gov/newsroom/press-releases/warren-40-lawmakers-push-regulators-to-address-illegal-insider-trading-in-prediction-markets,scandal_integrity
regulatory_critical,Senator Elizabeth Warren,2026-02-17,Warren Statement on Trump’s CFTC Preempting State Regulation on Prediction Markets,"Warren Statement on Trump’s CFTC Preempting State Regulation on Prediction Markets Skip to content Home About About Elizabeth Voting Record Legislation Committee Assignments News Press Releases In The News Op-eds Social Media Services Help with a Federal Agency Education Housing Immigration, Citizenship & Visas Medicare Military Assistance Passports Social Security Taxes & IRS Veterans Affairs Office of Personnel Management Other Labor Flag Requests Tour Requests Tour Request Form Internships Sp",https://www.warren.senate.gov/news/press-releases/warren-statement-on-trumps-cftc-preempting-state-regulation-on-prediction-markets/,regulatory_jurisdiction
regulatory_critical,Senator Elizabeth Warren,2026-04-30,"At Hearing, Warren Questions Hegseth on Insider Trading During Iran War As He Ducks Responsibility","At Hearing, Warren Questions Hegseth on Insider Trading During Iran War As He Ducks Responsibility Skip to content Home About About Elizabeth Voting Record Legislation Committee Assignments News Press Releases In The News Op-eds Social Media Services Help with a Federal Agency Education Housing Immigration, Citizenship & Visas Medicare Military Assistance Passports Social Security Taxes & IRS Veterans Affairs Office of Personnel Management Other Labor Flag Requests Tour Requests Tour Request For",https://www.warren.senate.gov/newsroom/press-releases/at-hearing-warren-questions-hegseth-on-insider-trading-during-iran-war-as-he-ducks-responsibility/,scandal_integrity
regulatory_critical,CFTC,2026-05-19,CFTC Sues Minnesota to Block State Law | CFTC,CFTC Sues Minnesota to Block State Law | CFTC /PressRoom/PressReleases/9233-26 Skip to main content Transparency Contact Us Search Search Main navigation About the CFTC The Commission Chairman & Commissioners CFTC Organization Advisory Committees Innovation at the CFTC Agriculture at the CFTC Budget & Performance Privacy at the CFTC Careers Industry Oversight Industry Filings Trading Organizations Clearing Organizations Data Repositories Intermediaries Market Surveillance Contracts & Products Ru,https://www.cftc.gov/PressRoom/PressReleases/9233-26,regulatory_jurisdiction
